Label (orange means counterion excluded),# Steps,SMILES,atoms,syba,sascore,scscore,rf_class,rf_prob,bertz,whitlock,barone,smcm
Isavuconazole frag 8,0,O=C(CN1N=CN=C1)C2=CC(F)=CC=C2F,16,50.51724359291813,2.215363859963718,2.1549567362310817,1,1.0,510.7876231584516,16,342,24.977999999999998
,1,OC(C1=CC(F)=CC=C1F)(CN2N=CN=C2)C(C)C#N,20,40.86459841046834,3.6296775326955864,3.3897994649918717,1,0.97,638.3158675637993,23,405,37.788
,2,C[C@@H]([C@](O)(CN1N=CN=C1)C2=CC(F)=CC=C2F)C#N,20,40.86459841046834,3.6296775326955864,3.006841671322019,1,0.97,638.3158675637993,23,417,37.788
,3,C[C@@H]([C@](O)(CN1N=CN=C1)C2=CC(F)=CC=C2F)C(N)=S,21,41.27730349986782,3.630901390124982,3.5082378196489836,1,0.85,649.6257465487331,22,420,39.782
,4,C[C@@H]([C@](O)(CN1N=CN=C1)C2=CC(F)=CC=C2F)C3=NC(C4=CC=C(C#N)C=C4)=CS3,31,66.14943773426256,3.5014546367107418,4.5747207855084575,1,0.94,1233.7821941871443,33,696,52.48300000000002
Isavuconazonium,0,ClC1=C(C(O)=O)C=CC=N1,10,14.242398873741635,1.899659110265258,1.2118634634667802,1,0.91,261.67965837655686,10,210,17.415
,1,ClC1=C(C(Cl)=O)C=CC=N1,10,25.794249072821835,2.195756546162693,1.2482909337982746,1,0.91,261.67965837655686,10,210,17.105
,2,ClC1=C(C(OC(C)(C)C)=O)C=CC=N1,14,45.109029764781354,1.968825700037252,1.6993863228182216,1,0.98,344.2203893594689,10,258,22.165
,3,CNC1=C(C(OC(C)(C)C)=O)C=CC=N1,15,45.98605678591151,2.074070041880839,2.0241493028123805,1,0.97,355.8507085540247,10,267,24.290999999999997
,4,CNC1=C(CO)C=CC=N1,10,24.586803724592023,2.169682004038151,2.124894764725431,1,0.98,189.51600973976971,7,189,16.869
,5,CN(C(OC(Cl)C)=O)C1=C(COC(CN(C(OC(C)(C)C)=O)C)=O)C=CC=N1,28,59.776738528705884,3.364254898326303,2.7689055369716753,1,0.96,704.8065056841127,22,447,39.543000000000006
,6,CN(C(OC([N+]1=CN(C[C@]([C@H](C2=NC(C3=CC=C(C#N)C=C3)=CS2)C)(O)C4=CC(F)=CC=C4F)N=C1)C)=O)C5=C(COC(CNC)=O)C=CC=N5,51,87.06344047103309,4.672375329215335,4.99985745919963,1,0.86,2050.046952282783,50,1044,81.82000000000001
Olanexidine,0,CCCCCCCCN,9,-10.5869513290065,1.6008600072255597,1.703161916611147,1,0.58,37.832293921787276,1,78,17.006
,1,CCCCCCCC/N=C(NC#N)\N,14,10.285304593578374,2.5475326566980563,2.3887227986379083,1,0.6,192.78890417564696,10,180,23.739
,2,CCCCCCCC/N=C(N/C(N)=N/CC1=CC(Cl)=C(Cl)C=C1)\N,24,32.92753189683745,2.5301329188005806,3.1565451909668703,1,0.91,557.9119253331241,15,378,39.221000000000004
Ozenoxacin,0,BrC1=C(C)C(Br)=CC=C1,9,20.688861438900886,1.9335664687640186,1.2890276043048805,1,0.95,197.90617759993407,6,186,14.831999999999999
,1,BrC1=C(C)C(NC2CC2)=CC=C1,12,38.10355005333743,1.9990814215476966,2.326288064080096,1,0.91,291.8900954855593,10,240,21.28
,2,BrC1=C(C)C(N(C2CC2)C=C(C(OCC)=O)C3=O)=C3C=C1,21,38.51069430544908,2.366980462537432,3.1115842507852687,0,0.44,790.1891625148787,21,441,35.707
,3,O=C1C(C(OCC)=O)=CN(C2CC2)C3=C1C=CC(C4=CC(C)=C([N]C(C)=O)N=C4)=C3C,31,25.589303221841018,3.050827323511901,4.176724198901397,0,0.36,1272.0350457976785,29,660,51.786000000000016
,4,O=C1C(C(O)=O)=CN(C2CC2)C3=C1C=CC(C4=CC(C)=C(N(C(C)=O)C)N=C4)=C3C,30,10.159331697023129,2.8009697592339187,4.9893108066676035,0,0.23,1271.6588530719375,29,654,52.89300000000001
,5,O=C1C(C(O)=O)=CN(C2CC2)C3=C1C=CC(C4=CC(C)=C(NC)N=C4)=C3C,27,6.6325091417844035,2.6242613048733645,4.682968299529977,0,0.29,1143.5974913095679,26,603,49.364000000000004
Ozenoxacin frag 27,0,BrC1=CC(C)=C(Cl)N=C1,9,29.21002570214461,2.2445222379947865,1.5431842279363477,1,0.99,224.29788705001033,7,189,15.111
,1,BrC1=CC(C)=C(NC)N=C1,10,27.707790051180694,2.277228341034487,2.368475888778288,1,0.95,235.04775799182192,7,198,17.237000000000002
,2,BrC1=CC(C)=C(N(C)C(C)=O)N=C1,13,35.712036489229924,2.5293402024975133,2.3195723906061536,1,0.93,338.38662847120025,10,249,20.766000000000002
,3,CC1=C(N(C)C(C)=O)N=CC([Sn](CCCC)(CCCC)CCCC)=C1,25,28.21099279696551,3.190211417172117,2.6148825763779975,1,0.91,522.9231912931996,10,369,40.351
Cangrelor,0,O=C1CC(NC(N1)=S)=O,9,-14.929693911462262,2.995693391840941,1.4231834870900362,0,0.1,143.72244425454448,15,186,14.493000000000002
,1,ClC1=NC(SCCC(F)(F)F)=NC(Cl)=C1N,16,26.157762210117685,2.897160563260419,2.5224173148390827,1,0.77,362.62517972766796,13,291,24.72
,2,CSCCNC1=NC(SCCC(F)(F)F)=NC2=C1N=CN2,21,53.66427720411202,3.1023158498976198,3.514358448636021,1,0.69,586.7326551048711,18,393,26.67
,3,CSCCNC1=NC(SCCC(F)(F)F)=NC2=C1N=CN2[C@H]3[C@H](O)[C@H](O)[C@@H](CO)O3,30,41.813096583015025,4.038598023913364,3.2009488460753683,0,0.33,856.1302117463334,34,579,53.465
,4,CSCCNC1=NC(SCCC(F)(F)F)=NC2=C1N=CN2[C@H]3[C@H](O)[C@H](O)[C@@H](COP([O-])(OP(C(Cl)(Cl)P([O-])([O-])=O)([O-])=O)=O)O3.[Na+].[Na+].[Na+].[Na+],48,52.81332601611252,5.878909507775616,3.2619890881317435,0,0.31,1493.4379481550782,61,921,80.37299999999998
Sacubitril,0,BrC1=CC=C(C2=CC=CC=C2)C=C1,13,27.119029979620784,1.1932219362436438,1.6587217685413393,1,0.98,375.62904776215686,9,297,21.418999999999997
,1,O[C@@H](CC1=CC=C(C2=CC=CC=C2)C=C1)CCl,17,30.409142912769994,2.1268754612371517,2.426008958511141,1,0.98,450.10785282653126,12,351,30.787999999999997
,2,OC[C@H](NC(OC(C)(C)C)=O)CC1=CC=C(C2=CC=CC=C2)C=C1,24,64.03801696861392,2.281553326114887,2.6831699361766406,1,1.0,644.8342206480373,16,450,40.38300000000001
,3,O=C(O)/C(C)=C/[C@H](NC(OC(C)(C)C)=O)CC1=CC=C(C2=CC=CC=C2)C=C1,28,34.186101406496654,2.7001511750225813,2.800756732063674,1,0.99,833.1560870774622,21,528,47.555000000000014
,4,O=C(O)[C@H](C)C[C@H](NC(OC(C)(C)C)=O)CC1=CC=C(C2=CC=CC=C2)C=C1,28,51.44328833692324,2.757818193055721,3.2902993632628323,1,1.0,778.4996643908888,21,522,50.055000000000014
,5,O=C(CCC(O)=O)N[C@@H](C[C@@H](C)C(OCC)=O)CC1=CC=C(C2=CC=CC=C2)C=C1,30,54.12434104273624,2.827420495317064,3.8848144169758356,1,1.0,832.4346097371428,24,549,52.72700000000002
Selexipag,0,O=C(C(C1=CC=CC=C1)=O)C2=CC=CC=C2,16,28.791140411767746,1.3636956383139633,1.5702503515334965,1,1.0,451.2732551825604,14,354,26.348
,1,OC1=NC(C2=CC=CC=C2)=C(C3=CC=CC=C3)N=C1,19,9.261413998988644,2.007516251216826,2.268997676977178,1,0.88,681.6259663488055,15,453,31.967
,2,ClC1=NC(C2=CC=CC=C2)=C(C3=CC=CC=C3)N=C1,19,18.49420500700482,1.8378514160519899,2.299622953683114,1,0.9,681.6259663488055,15,453,31.656999999999996
,3,CC(C)N(CCCCO)C1=NC(C2=CC=CC=C2)=C(C3=CC=CC=C3)N=C1,27,42.645480940172725,2.2992383878735243,3.846076191554799,1,0.97,834.7570142391882,16,534,46.68700000000001
,4,CC(C)N(CCCCOCC(OC(C)(C)C)=O)C1=NC(C2=CC=CC=C2)=C(C3=CC=CC=C3)N=C1,35,73.87812560833265,2.582051125726391,4.01835860993788,1,0.98,1063.535032750206,20,642,56.906000000000034
,5,CC(C)N(CCCCOCC(O)=O)C1=NC(C2=CC=CC=C2)=C(C3=CC=CC=C3)N=C1,31,43.9416745808081,2.440041300836624,4.409209991759514,1,0.81,962.2609416073288,20,594,52.15600000000003
,6,CC(C)N(CCCCOCC(NS(C)(=O)=O)=O)C1=NC(C2=CC=CC=C2)=C(C3=CC=CC=C3)N=C1,35,67.38570775912177,2.6580693075445723,4.680598037122033,1,0.95,1202.5361433218923,27,657,54.60100000000003
Ariprazole Lauroxil,0,O=C1NC(C=C(OCCCCN2CCN(C3=C(Cl)C(Cl)=CC=C3)CC2)C=C4)=C4CC1,30,48.03045494153814,2.3417132900326205,4.258891232261348,1,0.54,898.0121087625583,25,603,51.25
,1,OCN1C(CCC2=C1C=C(OCCCCN3CCN(C4=C(Cl)C(Cl)=CC=C4)CC3)C=C2)=O,32,52.879163491067295,2.4985008728307196,4.289530592923542,1,0.76,948.0818336051728,26,627,54.15400000000001
,2,CCCCCCCCCCCC(OCN1C(CCC2=C1C=C(OCCCCN3CCN(C4=C(Cl)C(Cl)=CC=C4)CC3)C=C2)=O)=O,45,83.90282755760792,2.81234174273893,4.712035743861682,1,0.79,1218.7808344745679,29,765,75.57600000000002
Brexpiprazole frag 65,0,ClC1=C(C=O)C(F)=CC=C1,10,16.167712100776956,2.067356546162692,1.4028513429912999,1,0.96,239.53306142431705,9,207,16.524
,1,ClC1=C(C=O)C(N2CCN(C(OC(C)(C)C)=O)CC2)=CC=C1,22,41.35121526216231,2.186647203340602,2.0799702466707988,1,0.84,560.9996130452414,18,402,34.32000000000001
,2,CC(OC(N1CCN(C2=CC=CC3=C2C=C(C(O)=O)S3)CC1)=O)(C)C,25,44.07366349483262,2.235047891695036,2.8788098206430064,1,0.81,800.9992354499068,23,498,39.699
,3,C1(N2CCNCC2)=CC=CC3=C1C=CS3,15,16.001153402538606,2.1684746572654543,3.0585967357827912,0,0.49,457.34498819350074,15,336,25.653999999999996
Brexpiperazole,0,OC1=CC=C(C=CC(N2)=O)C2=C1,12,12.426094503736962,2.0280316066567057,2.4576524982341317,0,0.25,473.15738428454847,13,294,21.013
,1,ClCCCCOC1=CC=C(C=CC(N2)=O)C2=C1,17,35.40085574244637,2.0989183871780757,2.75495590704607,0,0.47,550.3559139974373,14,342,28.5
,2,O=C(N1)C=CC(C1=C2)=CC=C2OCCCCN(CC3)CCN3C4=CC=CC5=C4C=CS5,31,70.70626030733209,2.386055877515439,4.633123808627213,1,0.69,1224.1329495444852,28,675,51.274000000000015
Cariprazine,0,OC(CC(C=C1)=CC=C1[N+]([O-])=O)=O,13,20.712897066699874,1.619370739019816,1.4084252485077262,1,0.95,330.5021927396972,13,258,22.285000000000004
,1,N[C@H]1CC[C@@H](CC1)CC(OCC)=O,13,7.155379262546607,2.1297897500088254,2.1713851546613574,1,0.58,162.30768089781682,9,210,22.475
,2,OCC[C@H](CC1)CC[C@@H]1NC(OC(C)(C)C)=O,17,36.441419399586614,2.115242167124837,2.4154021322512342,1,0.97,239.53935480226798,10,261,29.379000000000005
,3,ClC1=C(Cl)C(N(CC2)CCN2CC[C@H](CC3)CC[C@@H]3NC(OC(C)(C)C)=O)=CC=C1,30,67.37934920456924,2.3352410657052243,3.8705631782713663,1,0.98,706.890033907972,21,540,51.248000000000005
,4,CN(C(N[C@H]1CC[C@@H](CC1)CCN2CCN(C3=CC=CC(Cl)=C3Cl)CC2)=O)C,28,60.427853151049554,2.3632163080511734,4.9941282976876,1,0.97,653.8057095941936,21,513,47.17100000000001
Flibanserin,0,O=C1N(C(C)=C)C2=CC=CC=C2N1,13,3.9192777834804335,2.4195205192395957,1.953077441793531,1,0.76,518.9494219338687,15,297,19.613
,1,O=C1N(C(C)C)C2=CC=CC=C2N1CCN3CCNCC3,21,28.589170009187985,2.3209266973552456,3.7862752493511214,1,0.76,664.4570800245054,19,402,33.553
,2,O=C1NC2=CC=CC=C2N1CCN3CCNCC3,18,24.977203756402197,2.1840279078496803,3.24955484284462,1,0.85,579.933923697444,19,375,27.695999999999998
,3,FC(F)(C1=CC=CC(N2CCN(CC2)CCN3C4=CC=CC=C4NC3=O)=C1)F,28,59.43370363973205,2.2035683138934328,4.259928906312307,1,0.83,1015.9529729131666,26,585,45.89400000000002
Safinamide,0,ClCC1=CC(F)=CC=C1.OC2=CC=C(C=O)C=C2,18,28.74317214592653,1.923572349068838,2.2564042468403533,1,0.88,497.4021076077537,14,363,29.573
,1,FC1=CC=CC(COC2=CC=C(C=O)C=C2)=C1,17,48.2196949152328,1.6499921705375726,1.9513622983957055,1,0.97,505.88558878375915,13,357,26.586
,2,FC1=CC=CC(COC2=CC=C(CN[C@@H](C)C(N)=O)C=C2)=C1,22,69.28755869833249,2.273124691133411,3.6097247709211966,1,1.0,628.8109937608397,17,432,37.455
,3,FC1=CC=CC(COC2=CC=C(CN[C@@H](C)C(N)=O)C=C2)=C1.CS(=O)(O)=O,27,68.71722230194057,2.5005924942958426,4.127695874310881,1,1.0,833.0854169164834,25,501,43.51899999999999
Eluxadoline frag 85,0,CC1=C(C[C@H](NC(OC(C)(C)C)=O)C(OC)=O)C(C)=CC(O)=C1,23,54.59197832704905,2.7084589977393456,2.1981391196779603,1,0.93,566.1319024631522,16,396,36.85000000000001
,1,O=C(O)C1=CC(C)=C(C[C@H](NC(OC(C)(C)C)=O)C(OC)=O)C(C)=C1,25,45.695210176546766,2.6347441295812075,2.4164998638525708,1,0.86,651.6292427763923,19,435,40.522000000000006
,2,O=C(N)C1=CC(C)=C(C[C@H](NC(OC(C)(C)C)=O)C(O)=O)C(C)=C1,24,42.10377979285693,2.630047785579354,2.878817315276229,1,0.92,638.4301273660952,19,426,41.73100000000001
Eluxadoline,0,O=C(O)[C@H](C)NC(OCC1=CC=CC=C1)=O.O=C(CN)C2=CC=CC=C2.Cl,27,31.74553704834716,2.444917968479192,2.3328514148070374,1,0.95,710.554653614795,24,516,44.117000000000004
,1,C[C@H](NC(OCC1=CC=CC=C1)=O)C2=NC(C3=CC=CC=C3)=CN2,24,64.15406356721513,2.6888892815027834,2.5452369078910086,1,0.96,784.6411785322599,21,516,35.58500000000001
,2,C[C@H](N)C1=NC(C2=CC=CC=C2)=CN1,14,24.507832571107226,2.922622118149958,2.9678283415833153,1,0.92,403.4808099784385,13,315,22.256999999999998
,3,O=C(N)C1=CC(C)=C(C[C@H](NC(OC(C)(C)C)=O)C(N([C@@H](C)C2=NC(C3=CC=CC=C3)=CN2)CC4=CC=C(OC)C(C(OC)=O)=C4)=O)C(C)=C1,50,124.60190348869979,3.869720782762128,4.312261516207507,1,0.91,1839.7442142296727,40,987,77.92300000000002
,4,O=C(N)C1=CC(C)=C(C[C@H](N)C(N([C@@H](C)C2=NC(C3=CC=CC=C3)=CN2)CC4=CC=C(OC)C(C(O)=O)=C4)=O)C(C)=C1,42,70.0307943045391,3.69090192628169,4.551451791748249,1,0.92,1591.7878764661527,36,879,69.84700000000001
Rolapitant,0,O=C1CC[C@]2(C=C)N1[C@](C(C)(C)C)([H])OC2O,16,-36.802818792462425,4.744505166637599,2.6652984170082714,0,0.01,333.6457993625137,22,294,33.736
,1,O=C1CC[C@@](C=C)(C=O)N1,10,-25.947698001580296,4.426772437594872,2.6425012310968587,0,0.08,178.04512825117834,15,177,19.707
,2,O=C1CC[C@@](C=C)(/C=N\[C@](CO[C@H](C)C2=CC(C(F)(F)F)=CC(C(F)(F)F)=C2)(C3=CC=CC=C3)C=C)N1.CC4=CC=C(S(=O)(O)=O)C=C4.O,49,19.799037548758317,4.690649630566231,3.753758861779441,1,0.58,1713.122452866974,49,945,90.81200000000001
,3,O=C1CC[C@@](C=C)(CN[C@](CO[C@H](C)C2=CC(C(F)(F)F)=CC(C(F)(F)F)=C2)(C3=CC=CC=C3)C=C)N1.CC4=CC=C(S(=O)(O)=O)C=C4.O,49,23.733429338001653,4.614000070965525,4.489614371871123,0,0.46,1666.483404644451,47,933,91.24000000000002
,4,O=C1CC[C@]2(C=C[C@@](CO[C@H](C)C3=CC(C(F)(F)F)=CC(C(F)(F)F)=C3)(C4=CC=CC=C4)NC2)N1.Cl,36,-3.4471072868809802,4.850704155816354,4.197126945220669,1,0.58,1089.5178963584233,37,732,71.76100000000002
,5,O=C1CC[C@]2(CC[C@@](CO[C@H](C)C3=CC(C(F)(F)F)=CC(C(F)(F)F)=C3)(C4=CC=CC=C4)NC2)N1,35,-3.9886435249755197,4.512017565793241,4.02327958377084,1,0.52,1027.6120995803717,34,690,70.87700000000002
Rolapitant frag 92,0,O=C1CC[C@@H](C(O)=O)N1,9,-12.35284441041426,2.7713464627603006,1.4120976684503408,0,0.24,154.28209708830374,14,174,18.253999999999998
,1,O=C1CC[C@]2([H])N1[C@](C(C)(C)C)([H])OC2=O,14,-17.76030655882545,3.745758248152212,2.2091025371607547,0,0.14,290.23246118995354,20,285,26.861
,2,O=C1CC[C@]2(C=O)N1[C@](C(C)(C)C)([H])OC2=O,16,-32.18896736819245,4.350910871993138,2.4077279231054476,0,0.02,370.67107729450925,23,312,30.533
,3,O=C1CC[C@]2(C=C)N1[C@](C(C)(C)C)([H])OC2O,16,-36.802818792462425,4.744505166637599,2.6652984170082714,0,0.01,333.6457993625137,22,294,33.736
Rolapitant frag 94,0,OC([C@@H](NC(OCC1=CC=CC=C1)=O)C2=CC=CC=C2)=O,21,44.00869720591417,2.1064982298130666,1.6001557100652546,1,1.0,598.188745746701,19,423,34.055
,1,O=C1[C@H](C2=CC=CC=C2)N([C@@H](C3=CC=CC=C3)O1)C(OCC4=CC=CC=C4)=O,28,20.488748010975304,2.9288793757754394,2.076820743908224,1,0.88,944.1108235666594,29,627,46.664000000000016
,2,C[C@@H](OC[C@@]1(N([C@@H](C2=CC=CC=C2)OC1=O)C(OCC3=CC=CC=C3)=O)C4=CC=CC=C4)C5=CC(C(F)(F)F)=CC(C(F)(F)F)=C5,46,27.51327083571798,3.9806825875481664,2.7537481049174275,1,0.61,1632.4472814568596,42,951,81.14100000000002
,3,C[C@@H](OC[C@@](C=C)(NC(OCC1=CC=CC=C1)=O)C2=CC=CC=C2)C3=CC(C(F)(F)F)=CC(C(F)(F)F)=C3,38,58.68300259838178,3.6367016602349276,2.954146915365888,1,0.92,1196.581522328815,30,723,67.31300000000002
,4,C[C@@H](OC[C@@](C=C)(N)C1=CC=CC=C1)C2=CC(C(F)(F)F)=CC(C(F)(F)F)=C2,28,30.747040748029153,3.5996689742745023,2.727428549444697,1,0.91,783.4310037146109,22,522,53.985000000000014
Lusutrombopag,0,BrC1=C(OC)C(Br)=CC=C1,10,24.10222912095379,1.8959514179575656,1.4149632135070422,1,0.97,214.79775799182192,7,198,14.628999999999998
,1,O[C@@H](C)C1=C(OC)C(Br)=CC=C1,12,30.573862275957513,2.511850882327197,2.026755396968751,1,0.96,271.2310872723905,9,231,20.261
,2,CCCCCCO[C@@H](C)C1=C(OC)C(Br)=CC=C1,18,47.41552638642452,2.6474437276805034,2.4086888440866563,1,0.92,352.3468799935334,9,285,30.010999999999996
,3,CCCCCCO[C@@H](C)C1=C(OC)C(C2=CSC(N)=N2)=CC=C1,23,43.83934331390404,2.924057281763014,3.5210524848744957,1,0.85,612.8190957182105,15,414,35.295
,4,CCCCCCO[C@@H](C)C1=C(OC)C(C2=CSC(NC(C3=CC(Cl)=C(/C=C(C(O)=O)\C)C(Cl)=C3)=O)=N2)=CC=C1,39,59.63962079432756,3.367003000770876,4.84887122995036,1,0.84,1332.1910264531487,30,744,61.51900000000002
Lusutrombopag frag 113,0,ClC1=CC(Cl)=CC(C(O)=O)=C1,11,5.745935652638428,1.674274606854258,1.5077759180869068,1,0.76,276.2420897763861,10,228,19.195
,1,ClC1=C(/C=C(C(OCC)=O)\C)C(Cl)=CC(C(O)=O)=C1,19,4.130667024469508,2.394744020447593,2.232962958051486,1,0.7,526.5693530089393,16,354,30.164
Deoxycholic Acid,0,O=C1CC[C@]2(C)[C@]3(O)[C@@]([C@]4([H])CCC([C@]4(CC3)C)=O)([H])CCC2=C1,22,-38.11013495905817,4.153109325561589,2.492174407990528,0,0.09,591.4877160391027,35,486,53.891000000000005
,1,O=C1CC[C@]2(C)[C@]3(O)[C@@]([C@]4([H])CCC([C@]4(CC3)C)=O)([H])CC[C@@]([H])2C1,22,-39.39764210463876,4.241673732893761,2.9298333319287586,0,0.19,540.7983854216602,35,480,56.391000000000005
,2,O=C(C[C@@](CC[C@@]1([H])[C@]2([H])CC3)4[H])CC[C@]4(C)C1=CC[C@]2(C)C3=O,21,-49.45391014240587,4.199706238303655,2.7624976899806413,0,0.1,545.7696078462164,34,477,51.844
,3,O[C@@H](C[C@@](CC[C@@]1([H])[C@]2([H])CC3)4[H])CC[C@]4(C)C1=CC[C@]2(C)C3=O,21,-50.44365781900616,4.267760332942132,2.5922130032392134,0,0.04,507.695743080171,34,474,55.219
,4,O[C@@H](C[C@@](CC[C@@]1([H])[C@]2([H])CC/3)4[H])CC[C@]4(C)C1=CC[C@]2(C)C3=C/C,22,-72.33706058417398,4.519880196710219,2.6518151402182335,0,0.06,530.0252298008978,33,483,58.047
,5,[H][C@@]1(CC[C@@]2([H])[C@]3([H])CC/4)C[C@H](OC(C)=O)CC[C@]1(C)C2=CC[C@]3(C)C4=C/C,25,-54.89984948685328,4.486632698174406,2.517322349969274,0,0.16,630.0040482427695,36,531,60.469
,6,[H][C@@]12C[C@H](OC(C)=O)CC[C@]1(C)C3=CC[C@]4(C)C([C@H](C)CCC(OC)=O)=CC[C@@]4([H])[C@]3([H])CC2,31,-20.732748128781267,4.615640286664587,2.7951283189784055,0,0.27,795.0581468188952,42,624,70.938
,7,[H][C@@]1(CC[C@@]2([H])[C@]3([H])CC4)C[C@H](OC(C)=O)CC[C@]1(C)C2=CC[C@]3(C)[C@@]4([H])[C@H](C)CCC(OC)=O,31,-18.38166450737877,4.438467750661499,2.7515423159615455,0,0.3,741.5184655515518,42,618,73.438
,8,[H][C@@]1(CC[C@@]2([H])[C@]3([H])CC[C@]([C@]34C)([H])[C@H](C)CCC(OC)=O)C[C@H](OC(C)=O)CC[C@]1(C)C2=CC4=O,32,-13.249197675136813,4.5598887834378,2.746208069020155,0,0.44,814.8643484884913,45,648,74.11
,9,[H][C@@]1(CC[C@@]2([H])[C@]3([H])CC[C@]([C@]34C)([H])[C@H](C)CCC(OC)=O)C[C@H](OC(C)=O)CC[C@]1(C)[C@@]2([H])CC4=O,32,-6.519096612960938,4.413526427710622,2.2656454302233375,0,0.45,761.1456673281393,45,642,76.61
,10,[H][C@@]1(CC[C@@]2([H])[C@]3([H])CC4)C[C@H](OC(C)=O)CC[C@]1(C)[C@@]2([H])C[C@H](O)[C@]3(C)[C@@]4([H])[C@H](C)CCC(OC)=O,32,-7.551077720904921,4.440634306461171,1.9951586771663443,0,0.41,720.835268440172,45,639,79.985
,11,O[C@@H](C[C@@](CC[C@@]1([H])[C@]2([H])CC3)4[H])CC[C@]4(C)[C@@]1([H])C[C@H](O)[C@]2(C)[C@@]3([H])[C@H](C)CCC(O)=O,28,-37.8781416712104,4.365268545291334,1.770680122777673,0,0.27,605.412568486979,42,582,78.813
Evogliptin frag 125,0,OC[C@H](C(OC)=O)NC(OCC1=CC=CC=C1)=O,18,57.15493579347155,2.182271112295888,1.5196464760632151,1,1.0,392.714060303367,16,312,26.85
,1,O=C(OC)[C@@H](COC(C)(C)C)NC(OCC1=CC=CC=C1)=O,22,64.90612301852948,2.465268735798423,1.8271247744030714,1,0.99,481.0595746859894,16,360,32.6
,2,N[C@@H](C(OC)=O)COC(C)(C)C,12,19.971303567901064,2.842244632327196,1.9820245556633713,1,0.84,150.8721875540867,8,159,19.272
,3,O=C(NCCN[C@@H](C(OC)=O)COC(C)(C)C)OCC1=CC=CC=C1,25,64.69966757595581,2.6734466147883094,2.42551203560605,1,0.99,528.0180041819725,17,390,38.46300000000001
,4,CC(C)(C)OC[C@@H](NCCN1)C1=O,13,-14.721109374553636,3.398943700049063,2.741114509842963,0,0.16,186.5439480752344,12,210,24.195
,5,CC1=CC=C(C(O[C@@H](C(O)=O)[C@H](C(O)=O)OC(C2=CC=C(C)C=C2)=O)=O)C=C1.CC(C)(C)OC[C@@H](NCCN3)C3=O,41,7.784295790573481,3.780870894452935,3.23571037451627,1,0.66,1144.1534792693394,40,774,73.57500000000002
Evogliptin frag 136,0,FC1=C(F)C=C(CC(O)=O)C(F)=C1,13,11.133787235209672,1.9858460848504542,1.8426963573600066,1,0.8,349.4875302332068,11,258,23.060000000000002
,1,FC1=C(F)C=C(CC(C(C(OC(C)(C)O2)=O)C2=O)=O)C(F)=C1,22,16.897437965480442,2.814400545515671,2.2971258729411628,0,0.23,648.6873098534207,22,441,33.95100000000001
,2,FC1=C(F)C=C(CC(N)CC(OCC)=O)C(F)=C1,18,30.15280534580698,2.6963031122958885,2.8404443499545726,1,0.9,437.5758539302294,14,309,31.816000000000003
,3,FC1=C(F)C=C(C[C@@H](N)CC(OCC)=O)C(F)=C1,18,30.15280534580698,2.6963031122958885,2.8193275354328113,1,0.9,437.5758539302294,14,321,31.816000000000003
,4,FC1=C(F)C=C(C[C@@H](NC(OC(C)(C)C)=O)CC(O)=O)C(F)=C1,23,42.3126666404201,2.7430374592778097,3.2553100791717497,1,0.84,599.1201648025535,18,402,40.39200000000001
Evogliptin,0,FC1=C(F)C=C(C[C@@H](NC(OC(C)(C)C)=O)CC(O)=O)C(F)=C1,23,42.3126666404201,2.7430374592778097,3.2553100791717497,1,0.84,599.1201648025535,18,402,40.39200000000001
,1,FC1=C(F)C=C(C[C@@H](NC(OCC2=CC=CC=C2)=O)CC(N3CCNC([C@H]3COC(C)(C)C)=O)=O)C(F)=C1,38,70.93830180323008,3.5714875943008613,3.9507974774067014,1,0.64,1140.768372796649,33,711,64.399
,2,FC1=C(F)C=C(C[C@@H](N)CC(N2CCNC([C@H]2COC(C)(C)C)=O)=O)C(F)=C1,28,23.636390208112914,3.579721281966811,4.643775173789502,0,0.27,737.1145274973273,25,510,51.07100000000001
Lesinurad,0,BrC1=CC=CC2=CC=CC=C21,11,24.918916116089513,1.4643527401433847,1.2227687424486342,1,1.0,374.03449039867843,9,267,18.752
,1,C12=CC=CC=C1C(C3CC3)=CC=C2,13,16.319350594192663,1.5181365111424299,2.4134854155738426,1,0.93,433.23751612372115,12,309,24.337
,2,O=[N+](C1=CC=C(C2CC2)C3=CC=CC=C31)[O-],16,14.175316888565424,1.9170377061175614,2.6639080699928837,1,0.82,573.1543443266695,17,372,29.900999999999996
,3,NC1=CC=C(C2CC2)C3=CC=CC=C31,14,7.782079006195483,1.8333313549229064,2.758526717571897,0,0.5,483.5595869465386,13,330,26.343
,4,S=C=NC1=CC=C(C2CC2)C3=CC=CC=C31,16,6.236695562064469,2.4356384419035155,3.1179003551124667,0,0.45,592.7068727688994,18,378,29.195
,5,SC1=NN=CN1C2=CC=C(C3CC3)C4=CC=CC=C42,19,-1.3970017164972648,2.57792586660144,3.94985543162101,0,0.36,758.9266045864348,20,456,32.025
,6,O=C(OC)CSC1=NN=CN1C2=CC=C(C3CC3)C4=CC=CC=C42,24,41.68776783544209,2.353939158505069,4.106402130426756,1,0.8,902.1701939571594,24,525,35.869
,7,BrC1=NN=C(SCC(OC)=O)N1C2=CC=C(C3CC3)C4=CC=CC=C42,25,35.699887788010486,2.439996631626263,4.008207796507238,1,0.78,952.6442156447488,25,546,37.284000000000006
,8,BrC1=NN=C(SCC(O)=O)N1C2=CC=C(C3CC3)C4=CC=CC=C42,24,13.58549218283469,2.424540496297711,4.382155816619937,1,0.84,936.7303966514083,25,537,38.534000000000006
Omarigliptin frag 147,0,O=C1CN(C(OC(C)(C)C)=O)CC1,13,19.653292176132542,2.230996311094799,1.610024411171766,1,0.62,229.5045383050992,12,210,18.860999999999997
,1,O=C1CN(C(OC(C)(C)C)=O)C/C1=C\N(C)C,17,15.716029516468433,2.7984204279944027,2.1291796809125128,1,0.57,353.25246697225907,15,273,25.080999999999996
,2,OC12NN=CC1CN(C(OC(C)(C)C)=O)C2,16,-15.91833147320096,4.316675221597023,2.4689691394048108,0,0.29,336.69118092013053,22,288,30.555
,3,CC(OC(N(C1)CC2=C1C=NN2)=O)(C)C,15,34.06942436077586,2.619746627246693,2.653379914557746,1,0.62,357.7643742388155,15,297,23.453
,4,CS(N1C=C2C(CN(C(OC(C)(C)C)=O)C2)=N1)(=O)=O,19,32.20671382285402,2.872234174293748,2.7696790282329413,1,0.7,588.8750807050756,22,357,28.939000000000007
Omarigliptin frag 148,0,O=C(/N=C(C1=CC=CC=C1)/C2=CC=CC=C2)OCC,19,29.95648241427404,1.928488384083959,1.6479067520635624,1,0.99,520.3175090038363,15,387,29.908
,1,O=C(N(C)OC)[C@@H](NC(OC(C)(C)C)=O)CC#C,18,46.85255078902786,3.193249600590203,1.940739013954897,1,0.85,340.967023213677,16,267,27.89
,2,FC1=CC=C(F)C(C([C@@H](NC(OC(C)(C)C)=O)CC#C)=O)=C1,22,61.3741668165822,2.9625577278408635,2.2577622536710242,1,0.99,614.7974254729476,20,405,37.565000000000005
,3,FC1=CC=C(F)C([C@@H](O)[C@@H](NC(OC(C)(C)C)=O)CC#C)=C1,22,57.29951130537001,3.38947745523361,2.6565911503386666,1,0.91,575.7341425477993,20,402,39.940000000000005
,4,FC1=CC=C(F)C([C@@H]2[C@@H](NC(OC(C)(C)C)=O)CC=CO2)=C1,22,3.673709083122257,3.4923850944909045,3.0340745131426816,1,0.56,581.2439175521262,22,429,39.857000000000006
,5,FC1=CC=C(F)C([C@@H]2[C@@H](NC(OC(C)(C)C)=O)CC(O)CO2)=C1,23,11.708991919075205,3.6003642770954283,3.320108932124308,1,0.68,573.6889299266957,23,432,44.40400000000001
,6,FC1=CC=C(F)C([C@@H]2[C@@H](NC(OC(C)(C)C)=O)CC(CO2)=O)=C1,23,10.253401250699357,3.3906039420397676,3.2013183032803147,0,0.33,612.5880656632672,23,447,41.02900000000001
Omarigliptin,0,CC(OC(N1CC2=NN(S(C)(=O)=O)C=C2C1)=O)(C)C,19,32.20671382285402,2.872234174293748,2.7696790282329413,1,0.7,588.8750807050756,22,357,28.939
,1,CS(N1C=C2C(C[N]C2)=N1)(=O)=O,12,7.3815831281757625,4.028088414554691,2.8814026668904873,0,0.42,384.9277303821597,18,255,19.613000000000003
,2,FC1=CC=C(F)C([C@@H]2[C@@H](NC(OC(C)(C)C)=O)C[C@@H](N3CC4=NN(S(C)(=O)=O)C=C4C3)CO2)=C1,34,8.942055887308664,4.2168889712344395,4.121505997342343,0,0.48,1170.887204299619,40,696,62.827
,3,FC1=CC=C(F)C([C@@H]2[C@@H](N)C[C@@H](N3CC4=NN(S(C)(=O)=O)C=C4C3)CO2)=C1,27,-22.71811135403296,4.190971488292123,4.555563004418536,0,0.33,955.0532923993388,36,597,53.501000000000005
Trelagliptin,0,BrC1=CC=C(F)C=C1,8,22.91023331031433,1.2633314072379953,1.1467029463919869,1,0.99,147.38833891467198,6,168,13.53
,1,BrCC1=CC(F)=CC=C1C#N,11,19.0471204886723,2.3091311055279977,1.834924964245134,1,0.88,303.4506347581317,11,234,17.964999999999996
,2,CN1C(CC(N(CC2=CC(F)=CC=C2C#N)C1=O)Cl)=O,20,4.128197734142469,3.3593752765672065,3.455429345229189,0,0.45,614.1240987337054,25,414,32.071
,3,CN1C(C=C(N(CC2=CC(F)=CC=C2C#N)C1=O)N3CCC[C@@H](N)C3)=O,26,21.41622073062294,3.149749868075327,4.239395204561683,1,0.58,988.541803229574,30,549,44.25
Uridine triacetate,0,O=C1NC(N([C@@H]2O[C@@H]([C@H]([C@H]2OC(C)=O)OC(C)=O)COC(C)=O)C=C1)=O,26,17.08590100861585,3.644050594368478,2.1201417283107116,1,0.59,811.8253531710981,37,510,42.32100000000001
,1,O=C1NC(N([C@@H]2O[C@@H]([C@H]([C@H]2O)O)CO)C=C1)=O,17,4.336586813778194,3.4839049824931045,1.967976892655452,1,0.72,508.6978096265309,28,366,35.055
Esflurbiprofen,0,NC1=C(F)C=C(C(C(O)=O)C)C=C1,13,21.86702673680484,2.4890894272630266,2.6341179663818046,1,0.93,338.38662847120025,12,249,24.84
,1,FC(C=C(C(C(O)=O)C)C=C1)=C1C2=CC=CC=C2,18,25.374011202114833,2.158984650757427,3.0020526811354604,1,1.0,563.9612141459354,15,378,32.836
,2,FC(C=C([C@@H](C(O)=O)C)C=C1)=C1C2=CC=CC=C2,18,25.374011202114833,2.158984650757427,3.1993797182305763,1,1.0,563.9612141459354,15,390,32.836
Polmacoxib,0,CC#CC(O)(C)C,7,5.672592777239962,3.3196579756643505,1.4107427675168698,1,0.74,97.57398980751451,5,108,12.379999999999999
,1,CSC(C=C1)=CC=C1C(O)C#CC(O)(C)C,16,31.63024670891782,3.1430100435843276,1.7055573035876639,1,0.96,392.6712625727605,13,294,27.414
,2,O=C(C1=CC=C(SC)C=C1)C#CC(O)(C)C,16,28.948699355167033,2.6338003537025365,2.1426767637644617,1,0.87,429.7308902882565,13,309,25.039
,3,CC1(C)C(C=C(C2=CC=C(SC)C=C2)O1)=O,16,-3.939188949479448,2.7003061676560236,2.4339017537679464,0,0.17,443.50532779907377,15,330,22.956
,4,CC1(C)C(C=C(C2=CC=C(S(C)=O)C=C2)O1)=O,17,-6.610059590411525,3.4182940674756344,2.6322078676767826,0,0.24,511.97104190342435,20,360,26.394
,5,CC1(C)C(C(I)=C(C2=CC=C(S(=O)(N)=O)C=C2)O1)=O,19,5.930882945537075,2.664018481986057,2.854542552416585,1,0.65,674.1858637844558,23,396,27.822000000000003
,6,CC1(C)C(C(C2=CC(F)=CC=C2)=C(C3=CC=C(S(=O)(N)=O)C=C3)O1)=O,25,15.747306871805783,2.4036093809730232,3.767157493962985,1,0.59,991.9910637681245,27,546,38.721000000000004
Cobimetinib,0,N#C[C@@H]1N([C@@H](C2=CC=CC=C2)CO3)[C@@H]3CCC1,17,-10.63975626904912,3.6375582621408107,2.388656515701525,0,0.47,425.59839216144843,25,396,35.95399999999999
,1,OC1(CN(C(OC(C)(C)C)=O)C1)[C@@]2(C#N)N([C@@H](C3=CC=CC=C3)CO4)[C@@H]4CCC2,29,3.7609142965308635,4.099836832590712,3.1650587192716446,1,0.52,809.5865487462574,35,588,55.190000000000005
,2,OC1(CN(C(OC(C)(C)C)=O)C1)[C@H]2N([C@@H](C3=CC=CC=C3)CO)CCCC2,27,32.31424446576837,3.3682857448802146,2.8175447399928064,1,0.8,637.3317343349943,24,492,50.004999999999995
,3,O=C(C1=C(F)C(F)=C(F)C=C1)N(C2)CC2(O)[C@H]3NCCCC3,22,-5.881536066371401,3.2040741204138072,3.5167657258864384,0,0.4,596.6955104275897,23,447,42.643
,4,O=C(C1=C(NC2=C(F)C=C(I)C=C2)C(F)=C(F)C=C1)N(C3)CC3(O)[C@H]4NCCCC4,30,27.239191217223084,3.352904443787299,4.062522010564493,0,0.35,976.2092157542286,29,630,55.724
Ixazomib ,0,ClC(C1=CC(Cl)=CC=C1Cl)=O,11,27.01672931135652,1.8638666492945788,1.6337335599652003,1,0.92,295.73720227422257,10,228,18.885
,1,O=C(O)CNC(C1=CC(Cl)=CC=C1Cl)=O,15,33.90342445795981,1.661395811111607,2.375376055481112,1,0.96,406.3439721751527,14,288,25.729999999999997
,2,CC(C)C[C@H](NC(CNC(C1=CC(Cl)=CC=C1Cl)=O)=O)B2O[C@@H]3C[C@H]4C(C)(C)[C@H](C4)[C@]3(C)O2,33,36.96805029927512,4.808829129387313,3.581132955384886,1,0.54,943.0393405615542,39,693,69.49100000000001
,3,CC(C)C[C@H](NC(CNC(C1=CC(Cl)=CC=C1Cl)=O)=O)B(O)O,23,61.26976120685006,2.848561381093697,3.867628042352236,1,0.93,569.7082901720138,19,390,38.991
Lenvatinib frag 198,0,O=C1/C(C(OC(C)(C)O1)=O)=C\OC,13,-22.306095539595013,3.128170066750908,1.311413824599652,0,0.26,254.2589735787966,15,237,16.235
,1,O=C1/C(C(OC(C)(C)O1)=O)=C\NC2=CC=C(C(OC)=O)C(OC)=C2,24,41.98476668156555,2.5267975377178296,2.086514615072517,1,0.84,699.1361530110279,24,468,33.569
,2,O=C1C=CNC2=C1C=C(C(OC)=O)C(OC)=C2,17,40.73290065271447,2.195709135032045,2.3916565189352497,1,0.79,629.9285003582767,17,372,25.232
,3,ClC1=C2C(C=C(OC)C(C(OC)=O)=C2)=NC=C1,17,43.50833882779731,2.007937612937118,2.73346926374332,1,0.95,583.2176039507785,15,369,25.297
,4,ClC1=C2C(C=C(OC)C(C(N)=O)=C2)=NC=C1,16,39.58332609588242,2.0647393844392408,3.0460945648040805,1,0.98,569.1582723766495,15,360,26.506
Lenvatinib,0,OC1=CC(Cl)=C(N)C=C1,9,13.477548162757794,1.9501645456870964,1.6798343740217478,1,0.97,224.29788705001033,7,189,15.791999999999998
,1,OC1=CC(Cl)=C(NC(OC2=CC=CC=C2)=O)C=C1,18,49.37800536849561,1.7523801318742684,2.3429912439888905,1,0.99,557.417744186994,15,381,27.119999999999997
,2,OC1=CC(Cl)=C(NC(NC2CC2)=O)C=C1,15,43.494203529255195,1.8620614490102945,3.0014988480567015,1,0.99,391.0088201517134,15,294,24.183999999999997
,3,NC(C1=CC2=C(OC3=CC(Cl)=C(NC(NC4CC4)=O)C=C3)C=CN=C2C=C1OC)=O,30,80.08730180245897,2.3362234832876414,4.330425810023442,1,0.95,1147.2996854988344,29,648,46.703
Osimertinib,0,ClC1=NC=CC(Cl)=N1,8,21.366864750763696,2.449751686958276,1.4194148754546165,1,0.95,171.89811391899892,8,174,11.389999999999997
,1,CN1C=C(C2=NC(Cl)=NC=C2)C3=C1C=CC=C3,17,36.15040468094246,2.2029736462047627,3.7204759443743995,1,0.79,687.9473648267209,16,411,27.136999999999997
,2,CN1C=C(C2=NC(NC3=C(OC)C=C(F)C([N+]([O-])=O)=C3)=NC=C2)C4=C1C=CC=C4,29,69.3550571139555,2.49644691026419,4.0227399110429225,1,0.66,1238.249245197704,27,666,46.73900000000002
,3,CN1C=C(C2=NC(NC3=C(OC)C=C(N(CCN(C)C)C)C([N+]([O-])=O)=C3)=NC=C2)C4=C1C=CC=C4,35,79.46447989151488,2.785409039241447,4.417085153817116,1,0.71,1366.6868655176559,28,729,56.06600000000003
,4,CN1C=C(C2=NC(NC3=C(OC)C=C(N(CCN(C)C)C)C(N)=C3)=NC=C2)C4=C1C=CC=C4,33,67.5717108283686,2.718817224058169,4.638597050151704,1,0.68,1265.088003193577,24,687,52.508000000000024
,5,CN1C=C(C2=NC(NC3=C(OC)C=C(N(CCN(C)C)C)C(NC(C=C)=O)=C3)=NC=C2)C4=C1C=CC=C4,37,72.31075194532507,2.924666323317922,4.996194330149996,1,0.77,1427.5756477173193,29,753,56.53700000000002
Palbociclib frag 212,0,BrC1=CC=C([N+]([O-])=O)N=C1,10,28.901754660240666,2.3392027000088476,1.2522363620402865,1,0.81,246.32979290644693,11,213,16.938
,1,O=[N+](C1=CC=C(N2CCN(CC2)C(OC(C)(C)C)=O)C=N1)[O-],22,47.046774377089456,2.281047972571372,2.4428649726982425,1,0.76,544.9564191407618,20,408,35.432
,2,NC1=CC=C(N2CCN(CC2)C(OC(C)(C)C)=O)C=N1,20,43.7567327074644,2.101828242943885,2.6058751119371983,1,0.9,459.05740189934403,16,366,31.874000000000002
Palbociclib,0,ClC1=C(Br)C=NC(Cl)=N1,9,20.072394513299034,2.681264545687096,1.631147435964079,1,0.86,227.80766205433727,9,195,12.804999999999998
,1,ClC1=NC(NC2CCCC2)=C(Br)C=N1,14,37.90093511547113,2.38501750876906,2.259923672533951,1,0.96,325.83314734178094,13,279,22.930999999999997
,2,CC(C1=C2N=C(Cl)N=C1)=CC(N2C3CCCC3)=O,18,20.37741354222524,2.5039792268968917,3.262250044084815,0,0.5,659.0693230086672,19,399,29.473999999999997
,3,CC(C1=C(N(C2CCCC2)C3=O)N=C(Cl)N=C1)=C3Br,19,14.866065105764758,2.6506913237857646,3.4870141229948115,0,0.42,707.0810388771196,20,420,30.889000000000003
,4,CC(C1=C(N(C2CCCC2)C3=O)N=C(NC4=NC=C(N5CCN(CC5)C(OC(C)(C)C)=O)C=C4)N=C1)=C3Br,38,62.640222410176754,2.891194629719317,3.817624616695545,1,0.56,1387.022225431725,35,780,60.88300000000001
,5,CC(C1C=NC(NC2=NC=C(N3CCN(CC3)C(OC(C)(C)C)=O)C=C2)=NC1N(C4CCCC4)C5=O)=C5C(OCCCC)=C,44,10.531286812395807,4.345971129885803,4.335200034843274,1,0.56,1316.3368919702427,47,828,77.78999999999999
,6,CC(C1C=NC(NC2=NC=C(N3CCNCC3)C=C2)=NC1N(C4CCCC4)C5=O)=C5C(C)=O,33,-19.631002819383077,4.214551932499839,4.514770784690804,0,0.38,1017.753259143292,43,690,62.839
Panobinostat ,0,NNC1=CC=CC=C1,8,20.001087448121723,1.4986467918533801,1.164823203947197,1,1.0,147.87452390041133,6,159,13.892
,1,CC1=C(CCN)C2=C(N1)C=CC=C2,13,10.856545622113238,1.9746775878466654,2.7010339329378183,1,0.82,414.947542235288,10,285,22.633000000000003
,2,CC1=C(CCNCC2=CC=C(/C=C/C(OC)=O)C=C2)C3=C(N1)C=CC=C3,26,67.69126399693768,2.1867550279251997,3.3519860293822763,1,0.92,907.5418770013312,20,534,41.46100000000001
,3,CC1=C(CCNCC2=CC=C(/C=C/C(NO)=O)C=C2)C3=C(N1)C=CC=C3,26,59.06138744453794,2.270995027925199,4.67023754920151,1,0.93,910.6558192308343,21,537,42.610000000000014
Sonidegib,0,NC1=CN=C([N+]([O-])=O)C=C1,10,19.230996037460695,2.4485514179575656,1.5379053447543258,1,0.75,243.57490540428347,11,213,17.529
,1,NC1=CN=C(N2C[C@@H](C)O[C@@H](C)C2)C=C1,15,14.488173639179491,3.002302108855317,3.079314409716073,1,0.6,315.1098482774643,16,312,29.482
,2,CC1=C(Br)C=CC=C1C(NC2=CN=C(N3C[C@@H](C)O[C@@H](C)C3)C=C2)=O,25,59.99642725025271,2.944715610843428,3.6984740380313665,1,0.61,753.7645638851775,24,531,45.42800000000001
,3,CC(/C(C(NC1=CN=C(N2C[C@@H](C)O[C@@H](C)C2)C=C1)=O)=C)=C(C3=CC=C(OC(F)(F)F)C=C3)/C,34,36.56987034467598,3.586549479851234,4.248027219243444,1,0.63,1053.5537214276378,31,672,60.149000000000015
